{"deepextractionenabled":true,"flushmode":"NONE","deletearchivefilesafterextractionaction":"NO_DELETE","maxcheckedfilesizeduringoptimizedpasswordfindinginbytes":1024000,"deleteinfofilesafterextraction":false,"iffileexistsaction":"ASK_FOR_EACH_FILE","askforunknownpasswordsenabled":true,"customextractionpathenabled":false,"subpath":"%PACKAGENAME%","bubblecontentarchivenamevisible":true,"deletearchivedownloadlinksafterextraction":false,"bubblecontentextracttofoldervisible":true,"lastworkinglibid":"Linux-amd64","enabled":true,"subpathenabled":false,"useoriginalfiledate":true,"freshinstall":false,"bubblecontentcircleprogressvisible":true,"iomodeforcrchashing":"NORMAL","passwordfindoptimizationenabled":true,"bubbleenabledifarchiveextractionisinprogress":true,"subpathminfolderstreshhold":0,"restorefilepermissions":true,"bubblecontentstatusvisible":true,"customextractionpath":null,"cpupriority":"HIGH","subpathminfilesorfolderstreshhold":2,"bubblecontentdurationvisible":true,"subpathminfilestreshhold":0,"askforpassworddialogtimeoutinms":600000,"bubblecontentcurrentfilevisible":true}