{"uniquedeviceidsaltv2":"84d580eeb486281bdd1923b1eca7519b8105b09330faeaf0eb4bb4145f1a8d32","autoconnectenabledv2":true,"debugenabled":false,"uniquedeviceid":null,"lastupnpport":0,"lastlocalport":45257,"latesterror":"NONE","preferredipversion":"SYSTEM","manuallocalport":3129,"password":"19940206hi","directconnectmode":"LAN","serverhost":"api.jdownloader.org","devicename":"ismhazel@gmail.com","manualremoteport":3129,"uniquedeviceidv2":"eb0a371fbd5a5e5a517be59f535e6947","email":"ismhazel@gmail.com"}